stage,artifact,estimate_mb,min_mb,max_mb,basis,evidence,uncertainty
0_backup_verificado,argentina-260901.osm.pbf (fuente),428.6,428.6,428.6,"OBSERVADO: stat + sha256sum","size=428645479 bytes, sha256=d43f9af1...b5c504f verificado OK","NULA - dato duro"
1_extract,corredor_sf_caba.osm.pbf,70,53,90,"EXTRAPOLACION medida: 13.00% de los nodos del pais caen en el bbox","nodos_en_bbox=7718144 de 59348185 (13.00% medido). PBF=428.6MB. Piso por nodos=55.7MB. Ponderado nodos/ways=69.3MB.","MEDIA - el corredor es la zona MAS densa del pais; los ways pesan mas por objeto que los nodos. Se adopta 70MB como punto medio y 53-90 como rango."
1b_extract_simple,corredor_sf_caba_simple.osm.pbf,45,35,60,"EXTRAPOLACION desde paso 1 con estrategia 'simple'","La estrategia simple NO arrastra nodos fuera del bbox. Reduccion tipica 30-40% en corredores borde-densos.","ALTA - no medido; depende de cuantos nodos compartidos queden fuera."
2_filtered,corredor_sf_caba_filtrado.osm.pbf,25,15,40,"INFERENCIA desde paso 1 aplicando el set de tags","El extract completo trae buildings/landuse/natural/power/addr:*. En el PBF nacional: highway=1774836 de 5900717 ways (30.1%). building NO esta en el filtro.","MEDIA-ALTA - la reduccion real depende de cuanta masa de datos no-vial haya en el corredor (Rosario y AMBA tienen muchisimos buildings)."
3_geojson,corredor_sf_caba.geojson,180,120,300,"INFERENCIA: factor PBF->GeoJSON + referencia santa_fe","REFERENCIA MEDIDA: santa_fe.geojson=315.0MB. El GeoJSON es texto sin comprimir; factor tipico PBF->GeoJSON 6-10x sobre el filtrado.","ALTA - el factor texto/comprimido varia con la densidad de tags. geojsonseq evita el pico de memoria pero no el tamano."
4_mbtiles,corredor_sf_caba.mbtiles,60,40,110,"EXTRAPOLACION desde referencia REAL santa_fe.mbtiles","REFERENCIA MEDIDA: santa_fe.mbtiles=121.0MB (z8-14) desde santa_fe.geojson=315.0MB. Ratio observado mbtiles/geojson=0.384. Por area el corredor es 12.9% de la referencia, pero MUCHO mas denso por km2 en Rosario/AMBA.","ALTA - es el paso con mas variables libres: tags finales, zooms, simplificacion, drop-densest."
REF_santa_fe_geojson,santa_fe.geojson (referencia),315.0,315.0,315.0,"OBSERVADO: stat","size=330297963 bytes. 1149012 features (500987 Point, 496578 LineString, 151447 MultiPolygon). bbox=[-65.5186,-34.7893,-58.2532,-22.1491]","NULA - dato duro"
REF_santa_fe_mbtiles,santa_fe.mbtiles (referencia),121.0,121.0,121.0,"OBSERVADO: stat + sqlite","size=121.0MB (tiles=107832822 bytes). z8-14. tippecanoe v2.79.0 -Z8 -z14 --drop-densest-as-needed --extend-zooms-if-still-dropping","NULA - dato duro"
# =============================================================================
# NOTA METODOLOGICA
# =============================================================================
# DIFERENCIA CON LA MISION ANTERIOR:
#   La mision previa dejo TODO como UNABLE_TO_ESTIMATE_RELIABLY porque el PBF
#   disponible estaba TRUNCADO (0 ways) y no permitia medir densidad. En esta
#   mision el backup fue VALIDADO y se pudo MEDIR directamente:
#     - nodos dentro del bbox: 7.718.144 (13.00% del total nacional)
#     - highways dentro del bbox: 385.728
#     - referencia real santa_fe: 315.0 MB geojson -> 121.0 MB mbtiles
#   Con eso, las estimaciones pasan de imposibles a EXTRAPOLADAS con base.
#
# JERARQUIA DE EVIDENCIA (de mas fuerte a mas debil):
#   1. OBSERVADO   - medido en esta mision (hash, conteos, tamanos de referencia)
#   2. EXTRAPOLADO - derivado de un dato observado con un factor explicito
#   3. INFERIDO    - derivado de conocimiento general, sin medicion local
#
# EL PASO 4 (MBTiles) SIGUE SIENDO EL MAS INCIERTO. Su tamano depende de
# decisiones que el Director todavia no tomo:
#   - set final de tags
#   - zoom maximo (z14 vs z15 vs z16)
#   - simplificacion / drop-densest
#   - una capa vs varias capas
# El rango 40-110 MB refleja esa incertidumbre. NO es un dato.
#
# COMO CONVERTIR ESTO EN DATO DURO (mision B):
#   Ejecutar el paso, medir con 'stat', reemplazar la fila.
